K,final_loglik,AIC,BIC
2,455.487076073804,-896.974152147608,-876.5342856668111
3,482.7129448549472,-937.4258897098944,-896.5461567483006
4,521.4795442273801,-996.9590884547601,-929.7995271607133
